SNP_1,41073,Pg_Scaffold1171.71,40720
SNP_1,41073,Pg_Scaffold1171.72,41410
SNP_2,23913,Pg_Scaffold1171.36,24080
SNP_3,31869,Pg_Scaffold1171.49,32317
SNP_4,13739,Pg_Scaffold1171.21,13601
SNP_4,13739,Pg_Scaffold1171.22,13738
SNP_4,13739,Pg_Scaffold1171.23,14138
SNP_4,13739,Pg_Scaffold1171.24,14169
SNP_5,33466,Pg_Scaffold1171.50,33160
SNP_5,33466,Pg_Scaffold1171.51,33241
SNP_5,33466,Pg_Scaffold1171.52,33799
SNP_6,14094,Pg_Scaffold1171.21,13601
SNP_6,14094,Pg_Scaffold1171.22,13738
SNP_6,14094,Pg_Scaffold1171.23,14138
SNP_6,14094,Pg_Scaffold1171.24,14169
SNP_7,18744,Pg_Scaffold1171.30,18574
SNP_7,18744,Pg_Scaffold1171.31,18801
SNP_8,17328,Pg_Scaffold1171.28,16852
SNP_8,17328,Pg_Scaffold1171.29,17825
SNP_9,41047,Pg_Scaffold1171.71,40720
SNP_9,41047,Pg_Scaffold1171.72,41410
SNP_10,19470,Pg_Scaffold1171.32,19545
SNP_11,39409,Pg_Scaffold1171.63,39324
SNP_11,39409,Pg_Scaffold1171.64,39378
SNP_11,39409,Pg_Scaffold1171.65,39759
SNP_13,36177,Pg_Scaffold1171.54,36124
SNP_13,36177,Pg_Scaffold1171.55,36295
SNP_13,36177,Pg_Scaffold1171.56,36464
SNP_13,36177,Pg_Scaffold1171.57,36653
SNP_14,21334,Pg_Scaffold1171.34,21643
SNP_15,18753,Pg_Scaffold1171.30,18574
SNP_15,18753,Pg_Scaffold1171.31,18801
SNP_16,28776,Pg_Scaffold1171.42,28540
SNP_16,28776,Pg_Scaffold1171.43,28616
SNP_16,28776,Pg_Scaffold1171.44,28689
SNP_18,10622,Pg_Scaffold1171.17,10148
SNP_18,10622,Pg_Scaffold1171.18,10921
SNP_18,10622,Pg_Scaffold1171.19,11032
SNP_20,28783,Pg_Scaffold1171.42,28540
SNP_20,28783,Pg_Scaffold1171.43,28616
SNP_20,28783,Pg_Scaffold1171.44,28689
SNP_21,46210,Pg_Scaffold1171.83,45866
SNP_21,46210,Pg_Scaffold1171.84,45870
SNP_21,46210,Pg_Scaffold1171.85,46084
SNP_22,58111,Pg_Scaffold1171.98,57884
SNP_22,58111,Pg_Scaffold1171.99,58012
SNP_23,47313,Pg_Scaffold1171.86,47105
SNP_24,15597,Pg_Scaffold1171.25,15474
SNP_25,13946,Pg_Scaffold1171.21,13601
SNP_25,13946,Pg_Scaffold1171.22,13738
SNP_25,13946,Pg_Scaffold1171.23,14138
SNP_25,13946,Pg_Scaffold1171.24,14169
SNP_26,33232,Pg_Scaffold1171.50,33160
SNP_26,33232,Pg_Scaffold1171.51,33241
SNP_27,19117,Pg_Scaffold1171.31,18801
SNP_27,19117,Pg_Scaffold1171.32,19545
SNP_28,24878,Pg_Scaffold1171.37,25058
SNP_29,37350,Pg_Scaffold1171.58,37314
SNP_29,37350,Pg_Scaffold1171.59,37506
SNP_30,44654,Pg_Scaffold1171.80,44801
SNP_30,44654,Pg_Scaffold1171.81,44962
SNP_31,4601,Pg_Scaffold1171.2,4160
SNP_31,4601,Pg_Scaffold1171.3,4512
SNP_31,4601,Pg_Scaffold1171.4,4909
SNP_32,30490,Pg_Scaffold1171.47,30111
SNP_33,29468,Pg_Scaffold1171.45,29444
SNP_33,29468,Pg_Scaffold1171.46,29807
SNP_34,57433,Pg_Scaffold1171.95,56963
SNP_34,57433,Pg_Scaffold1171.96,57311
SNP_34,57433,Pg_Scaffold1171.97,57387
SNP_34,57433,Pg_Scaffold1171.98,57884
